"account","sourceRows","exact","selectedRow","matchingFields","conflictingFields","proposal"
"1867","3|21","false","","sourceCrs|sectionCode|installationYear|installationAngleDeg|outletCount|flowLps","sourceX|sourceY|elevationM","Revisar manualmente; existen valores contradictorios."
"1847","4|26","false","","sourceCrs|sectionCode|installationYear|outletCount|flowLps","sourceX|sourceY|installationAngleDeg|elevationM","Revisar manualmente; existen valores contradictorios."
"1727","36|70|1894","false","","sourceCrs|sectionCode|installationYear|flowLps","sourceX|sourceY|installationAngleDeg|elevationM|outletCount","Revisar manualmente; existen valores contradictorios."
"1718","38|1955","false","","sourceCrs|sectionCode|installationYear|outletCount|flowLps","sourceX|sourceY|installationAngleDeg|elevationM","Revisar manualmente; existen valores contradictorios."
"1756","42|72|1898","false","","sourceCrs|sectionCode|installationYear|flowLps","sourceX|sourceY|installationAngleDeg|elevationM|outletCount","Revisar manualmente; existen valores contradictorios."
"1832","43|1901","false","","sourceCrs|sectionCode|installationYear|flowLps","sourceX|sourceY|installationAngleDeg|elevationM|outletCount","Revisar manualmente; existen valores contradictorios."
"1710","53|91","false","","sourceCrs|sectionCode|installationYear|outletCount|flowLps","sourceX|sourceY|installationAngleDeg|elevationM","Revisar manualmente; existen valores contradictorios."
"1651","58|153","false","","sourceCrs|sectionCode|installationYear|outletCount|flowLps","sourceX|sourceY|installationAngleDeg|elevationM","Revisar manualmente; existen valores contradictorios."
"1728","59|1895","false","","sourceCrs|sectionCode|installationYear|installationAngleDeg|flowLps","sourceX|sourceY|elevationM|outletCount","Revisar manualmente; existen valores contradictorios."
"1726","60|103","false","","sourceCrs|sectionCode|installationYear|outletCount|flowLps","sourceX|sourceY|installationAngleDeg|elevationM","Revisar manualmente; existen valores contradictorios."
"1716","61|1893","false","","sourceCrs|sectionCode|installationYear|installationAngleDeg|flowLps","sourceX|sourceY|elevationM|outletCount","Revisar manualmente; existen valores contradictorios."
"1655","64|1888","false","","sourceCrs|sectionCode|installationYear|flowLps","sourceX|sourceY|installationAngleDeg|elevationM|outletCount","Revisar manualmente; existen valores contradictorios."
"1736","69|1896","false","","sourceCrs|sectionCode|installationYear|installationAngleDeg|elevationM|flowLps","sourceX|sourceY|outletCount","Revisar manualmente; existen valores contradictorios."
"1754","77|1952","false","","sourceCrs|sectionCode|installationYear|outletCount|flowLps","sourceX|sourceY|installationAngleDeg|elevationM","Revisar manualmente; existen valores contradictorios."
"1752","78|1897","false","","sourceCrs|sectionCode|installationYear|installationAngleDeg|flowLps","sourceX|sourceY|elevationM|outletCount","Revisar manualmente; existen valores contradictorios."
"1794","82|97","false","","sourceCrs|sectionCode|installationYear|outletCount|flowLps","sourceX|sourceY|installationAngleDeg|elevationM","Revisar manualmente; existen valores contradictorios."
"1673","89|147","false","","sourceCrs|sectionCode|installationYear|outletCount|flowLps","sourceX|sourceY|installationAngleDeg|elevationM","Revisar manualmente; existen valores contradictorios."
"1787","90|1951","false","","sourceCrs|sectionCode|installationYear|outletCount|flowLps","sourceX|sourceY|installationAngleDeg|elevationM","Revisar manualmente; existen valores contradictorios."
"1790","94|1949","false","","sourceCrs|sectionCode|installationYear|outletCount|flowLps","sourceX|sourceY|installationAngleDeg|elevationM","Revisar manualmente; existen valores contradictorios."
"1791","98|1900|1953","false","","sourceCrs|sectionCode|installationYear|installationAngleDeg|flowLps","sourceX|sourceY|elevationM|outletCount","Revisar manualmente; existen valores contradictorios."
"1691","108|1891","false","","sourceCrs|sectionCode|installationYear|flowLps","sourceX|sourceY|installationAngleDeg|elevationM|outletCount","Revisar manualmente; existen valores contradictorios."
"1693","140|1892","false","","sourceCrs|sectionCode|installationYear|flowLps","sourceX|sourceY|installationAngleDeg|elevationM|outletCount","Revisar manualmente; existen valores contradictorios."
"1660","145|1909","false","","sourceCrs|sectionCode|installationYear|installationAngleDeg|elevationM|flowLps","sourceX|sourceY|outletCount","Revisar manualmente; existen valores contradictorios."
"1890","164|1902","false","","sourceCrs|sectionCode|installationYear|installationAngleDeg|flowLps","sourceX|sourceY|elevationM|outletCount","Revisar manualmente; existen valores contradictorios."
"1263","175|601","false","","sourceCrs|installationAngleDeg|flowLps","sourceX|sourceY|sectionCode|installationYear|elevationM|outletCount","Revisar manualmente; existen valores contradictorios."
"2088","178|224","false","","sourceCrs|sectionCode|installationYear|installationAngleDeg|outletCount|flowLps","sourceX|sourceY|elevationM","Revisar manualmente; existen valores contradictorios."
"1440","235|321","false","","sourceCrs|sectionCode|installationYear|installationAngleDeg|flowLps","sourceX|sourceY|elevationM|outletCount","Revisar manualmente; existen valores contradictorios."
"844","268|1271","false","","sourceCrs|installationAngleDeg|flowLps","sourceX|sourceY|sectionCode|installationYear|elevationM|outletCount","Revisar manualmente; existen valores contradictorios."
"1393","274|324","false","","sourceCrs|sectionCode|installationYear|installationAngleDeg|flowLps","sourceX|sourceY|elevationM|outletCount","Revisar manualmente; existen valores contradictorios."
"1428","308|311","false","","sourceCrs|sectionCode|installationYear|installationAngleDeg|outletCount|flowLps","sourceX|sourceY|elevationM","Revisar manualmente; existen valores contradictorios."
"1427","312|327","false","","sourceCrs|sectionCode|installationYear|installationAngleDeg|flowLps","sourceX|sourceY|elevationM|outletCount","Revisar manualmente; existen valores contradictorios."
"1450","318|328","false","","sourceCrs|sectionCode|installationYear|installationAngleDeg|flowLps","sourceX|sourceY|elevationM|outletCount","Revisar manualmente; existen valores contradictorios."
"1220","322|1517","true","322","sourceX|sourceY|sourceCrs|sectionCode|installationAngleDeg|elevationM|outletCount|flowLps","","Importar una sola fila idéntica."
"1170","455|476","false","","sourceCrs|sectionCode|installationYear|installationAngleDeg|outletCount|flowLps","sourceX|sourceY|elevationM","Revisar manualmente; existen valores contradictorios."
"1188","459|464","false","","sourceCrs|sectionCode|installationYear|installationAngleDeg|flowLps","sourceX|sourceY|elevationM|outletCount","Revisar manualmente; existen valores contradictorios."
"1190","460|532","false","","sourceCrs|sectionCode|installationYear|installationAngleDeg|flowLps","sourceX|sourceY|elevationM|outletCount","Revisar manualmente; existen valores contradictorios."
"1205","488|505","false","","sourceCrs|sectionCode|installationYear|installationAngleDeg|flowLps","sourceX|sourceY|elevationM|outletCount","Revisar manualmente; existen valores contradictorios."
"1230","496|517","false","","sourceCrs|sectionCode|installationYear|installationAngleDeg|flowLps","sourceX|sourceY|elevationM|outletCount","Revisar manualmente; existen valores contradictorios."
"1229","497|518","false","","sourceCrs|sectionCode|installationYear|installationAngleDeg|flowLps","sourceX|sourceY|elevationM|outletCount","Revisar manualmente; existen valores contradictorios."
"941","501|506","false","","sourceCrs|sectionCode|installationYear|installationAngleDeg|flowLps","sourceX|sourceY|elevationM|outletCount","Revisar manualmente; existen valores contradictorios."
"1207","509|510","false","","sourceCrs|sectionCode|installationYear|installationAngleDeg|flowLps","sourceX|sourceY|elevationM|outletCount","Revisar manualmente; existen valores contradictorios."
"1208","511|512","false","","sourceCrs|sectionCode|installationYear|installationAngleDeg","sourceX|sourceY|elevationM|outletCount|flowLps","Revisar manualmente; existen valores contradictorios."
"1283","534|610","false","","sourceCrs|sectionCode|installationYear|installationAngleDeg|outletCount|flowLps","sourceX|sourceY|elevationM","Revisar manualmente; existen valores contradictorios."
"1295","542|552","false","","sourceCrs|sectionCode|installationYear|installationAngleDeg|flowLps","sourceX|sourceY|elevationM|outletCount","Revisar manualmente; existen valores contradictorios."
"947","551|665","false","","sourceCrs|installationAngleDeg|outletCount|flowLps","sourceX|sourceY|sectionCode|installationYear|elevationM","Revisar manualmente; existen valores contradictorios."
"1252","580|583","false","","sourceCrs|sectionCode|installationYear|installationAngleDeg|flowLps","sourceX|sourceY|elevationM|outletCount","Revisar manualmente; existen valores contradictorios."
"1260","588|594","false","","sourceCrs|sectionCode|installationAngleDeg|flowLps","sourceX|sourceY|installationYear|elevationM|outletCount","Revisar manualmente; existen valores contradictorios."
"1249","593|595","false","","sourceCrs|sectionCode|installationYear|installationAngleDeg|flowLps","sourceX|sourceY|elevationM|outletCount","Revisar manualmente; existen valores contradictorios."
"1264","596|597","false","","sourceCrs|sectionCode|installationYear|installationAngleDeg|flowLps","sourceX|sourceY|elevationM|outletCount","Revisar manualmente; existen valores contradictorios."
"954","661|712","false","","sourceCrs|sectionCode|installationYear|installationAngleDeg|flowLps","sourceX|sourceY|elevationM|outletCount","Revisar manualmente; existen valores contradictorios."
"919","718|719","false","","sourceCrs|sectionCode|installationYear|installationAngleDeg|flowLps","sourceX|sourceY|elevationM|outletCount","Revisar manualmente; existen valores contradictorios."
"1134","722|723","false","","sourceCrs|sectionCode|installationYear|installationAngleDeg|flowLps","sourceX|sourceY|elevationM|outletCount","Revisar manualmente; existen valores contradictorios."
"1158","736|740","false","","sourceCrs|sectionCode|installationYear|installationAngleDeg|flowLps","sourceX|sourceY|elevationM|outletCount","Revisar manualmente; existen valores contradictorios."
"1045","763|764","false","","sourceCrs|sectionCode|installationYear|installationAngleDeg|outletCount|flowLps","sourceX|sourceY|elevationM","Revisar manualmente; existen valores contradictorios."
"2563","771|851","false","","sourceCrs|installationYear|installationAngleDeg|flowLps","sourceX|sourceY|sectionCode|elevationM|outletCount","Revisar manualmente; existen valores contradictorios."
"1029","780|785","false","","sourceCrs|sectionCode|installationYear|installationAngleDeg|flowLps","sourceX|sourceY|elevationM|outletCount","Revisar manualmente; existen valores contradictorios."
"1035","789|790","false","","sourceCrs|sectionCode|installationYear|installationAngleDeg|flowLps","sourceX|sourceY|elevationM|outletCount","Revisar manualmente; existen valores contradictorios."
"1007","804|806","false","","sourceCrs|sectionCode|installationYear|installationAngleDeg|flowLps","sourceX|sourceY|elevationM|outletCount","Revisar manualmente; existen valores contradictorios."
"996","814|815","false","","sourceCrs|sectionCode|installationYear|installationAngleDeg|outletCount|flowLps","sourceX|sourceY|elevationM","Revisar manualmente; existen valores contradictorios."
"1002","816|823","false","","sourceCrs|sectionCode|installationYear|installationAngleDeg|flowLps","sourceX|sourceY|elevationM|outletCount","Revisar manualmente; existen valores contradictorios."
"987","822|828","false","","sourceCrs|sectionCode|installationAngleDeg|flowLps","sourceX|sourceY|installationYear|elevationM|outletCount","Revisar manualmente; existen valores contradictorios."
"2441","827|1936","false","","sourceCrs|installationAngleDeg|outletCount|flowLps","sourceX|sourceY|sectionCode|installationYear|elevationM","Revisar manualmente; existen valores contradictorios."
"2506","837|941","false","","sourceCrs|installationAngleDeg|flowLps","sourceX|sourceY|sectionCode|installationYear|elevationM|outletCount","Revisar manualmente; existen valores contradictorios."
"2605","856|884","false","","sourceCrs|sectionCode|installationYear|installationAngleDeg|flowLps","sourceX|sourceY|elevationM|outletCount","Revisar manualmente; existen valores contradictorios."
"692","861|933","false","","sourceCrs|sectionCode|installationYear|installationAngleDeg|flowLps","sourceX|sourceY|elevationM|outletCount","Revisar manualmente; existen valores contradictorios."
"551","864|865","false","","sourceCrs|sectionCode|installationYear|installationAngleDeg|flowLps","sourceX|sourceY|elevationM|outletCount","Revisar manualmente; existen valores contradictorios."
"2589","867|886","false","","sourceCrs|sectionCode|installationYear|installationAngleDeg|flowLps","sourceX|sourceY|elevationM|outletCount","Revisar manualmente; existen valores contradictorios."
"2601","869|871|880","false","","sourceCrs|sectionCode|installationYear|installationAngleDeg|flowLps","sourceX|sourceY|elevationM|outletCount","Revisar manualmente; existen valores contradictorios."
"2547","877|917","false","","sourceCrs|sectionCode|installationAngleDeg|flowLps","sourceX|sourceY|installationYear|elevationM|outletCount","Revisar manualmente; existen valores contradictorios."
"675","889|1365|1378","false","","sourceCrs|installationAngleDeg|flowLps","sourceX|sourceY|sectionCode|installationYear|elevationM|outletCount","Revisar manualmente; existen valores contradictorios."
"754","891|902","false","","sourceCrs|sectionCode|installationYear|installationAngleDeg|flowLps","sourceX|sourceY|elevationM|outletCount","Revisar manualmente; existen valores contradictorios."
"2534","898|950","false","","sourceCrs|installationYear|installationAngleDeg|flowLps","sourceX|sourceY|sectionCode|elevationM|outletCount","Revisar manualmente; existen valores contradictorios."
"2626","924|925","false","","sourceCrs|sectionCode|installationYear|installationAngleDeg|flowLps","sourceX|sourceY|elevationM|outletCount","Revisar manualmente; existen valores contradictorios."
"2456","949|981","false","","sourceCrs|sectionCode|installationYear|installationAngleDeg|outletCount|flowLps","sourceX|sourceY|elevationM","Revisar manualmente; existen valores contradictorios."
"2434","955|956","false","","sourceCrs|sectionCode|installationYear|installationAngleDeg|flowLps","sourceX|sourceY|elevationM|outletCount","Revisar manualmente; existen valores contradictorios."
"2460","978|1937","false","","sourceCrs|sectionCode|installationAngleDeg|outletCount|flowLps","sourceX|sourceY|installationYear|elevationM","Revisar manualmente; existen valores contradictorios."
"2471","979|1938","false","","sourceCrs|sectionCode|installationYear|installationAngleDeg|outletCount|flowLps","sourceX|sourceY|elevationM","Revisar manualmente; existen valores contradictorios."
"2486","985|988","false","","sourceCrs|sectionCode|installationAngleDeg|flowLps","sourceX|sourceY|installationYear|elevationM|outletCount","Revisar manualmente; existen valores contradictorios."
"2476","991|993","false","","sourceCrs|sectionCode|installationYear|installationAngleDeg|outletCount|flowLps","sourceX|sourceY|elevationM","Revisar manualmente; existen valores contradictorios."
"2347","1034|1061","false","","sourceCrs|sectionCode|installationAngleDeg|outletCount|flowLps","sourceX|sourceY|installationYear|elevationM","Revisar manualmente; existen valores contradictorios."
"2335","1077|1079","false","","sourceCrs|sectionCode|installationYear|installationAngleDeg|outletCount|flowLps","sourceX|sourceY|elevationM","Revisar manualmente; existen valores contradictorios."
"2126","1084|1103","false","","sourceCrs|sectionCode|installationYear|installationAngleDeg|flowLps","sourceX|sourceY|elevationM|outletCount","Revisar manualmente; existen valores contradictorios."
"2212","1086|1087","false","","sourceCrs|sectionCode|installationYear|installationAngleDeg|flowLps","sourceX|sourceY|elevationM|outletCount","Revisar manualmente; existen valores contradictorios."
"2382","1094|1095","false","","sourceCrs|sectionCode|installationAngleDeg|outletCount|flowLps","sourceX|sourceY|installationYear|elevationM","Revisar manualmente; existen valores contradictorios."
"1352","1120|1920","false","","sourceCrs|sectionCode|installationAngleDeg|flowLps","sourceX|sourceY|installationYear|elevationM|outletCount","Revisar manualmente; existen valores contradictorios."
"1074","1183|1919","false","","sourceCrs|sectionCode|installationAngleDeg|outletCount|flowLps","sourceX|sourceY|installationYear|elevationM","Revisar manualmente; existen valores contradictorios."
"410","1217|1218","false","","sourceCrs|sectionCode|installationYear|installationAngleDeg","sourceX|sourceY|elevationM|outletCount|flowLps","Revisar manualmente; existen valores contradictorios."
"462","1222|1265","false","","sourceCrs|sectionCode|installationYear|installationAngleDeg|outletCount|flowLps","sourceX|sourceY|elevationM","Revisar manualmente; existen valores contradictorios."
"446","1233|1234","false","","sourceCrs|sectionCode|installationAngleDeg|outletCount|flowLps","sourceX|sourceY|installationYear|elevationM","Revisar manualmente; existen valores contradictorios."
"833","1246|1247","false","","sourceCrs|sectionCode|installationYear|installationAngleDeg|outletCount|flowLps","sourceX|sourceY|elevationM","Revisar manualmente; existen valores contradictorios."
"836","1257|1258","false","","sourceCrs|sectionCode|installationYear|installationAngleDeg|outletCount|flowLps","sourceX|sourceY|elevationM","Revisar manualmente; existen valores contradictorios."
"472","1278|1279","false","","sourceCrs|sectionCode|installationYear|installationAngleDeg|flowLps","sourceX|sourceY|elevationM|outletCount","Revisar manualmente; existen valores contradictorios."
"480","1282|1283","false","","sourceCrs|sectionCode|installationAngleDeg|outletCount","sourceX|sourceY|installationYear|elevationM|flowLps","Revisar manualmente; existen valores contradictorios."
"576","1288|1289","false","","sourceCrs|sectionCode|installationYear|installationAngleDeg|flowLps","sourceX|sourceY|elevationM|outletCount","Revisar manualmente; existen valores contradictorios."
"649","1291|1292","false","","sourceCrs|sectionCode|installationAngleDeg|outletCount","sourceX|sourceY|elevationM|flowLps","Revisar manualmente; existen valores contradictorios."
"477","1315|1334","false","","sourceCrs|sectionCode|installationAngleDeg|outletCount|flowLps","sourceX|sourceY|installationYear|elevationM","Revisar manualmente; existen valores contradictorios."
"390","1325|1326","false","","sourceCrs|sectionCode|installationYear|installationAngleDeg","sourceX|sourceY|elevationM|outletCount|flowLps","Revisar manualmente; existen valores contradictorios."
"679","1346|1389","false","","sourceCrs|sectionCode|installationYear|installationAngleDeg|flowLps","sourceX|sourceY|elevationM|outletCount","Revisar manualmente; existen valores contradictorios."
"719","1355|1357","false","","sourceCrs|sectionCode|installationYear|installationAngleDeg|outletCount|flowLps","sourceX|sourceY|elevationM","Revisar manualmente; existen valores contradictorios."
"705","1372|1373","false","","sourceCrs|sectionCode|installationYear|installationAngleDeg|flowLps","sourceX|sourceY|elevationM|outletCount","Revisar manualmente; existen valores contradictorios."
"645","1376|1377","false","","sourceCrs|sectionCode|installationAngleDeg|outletCount|flowLps","sourceX|sourceY|elevationM","Revisar manualmente; existen valores contradictorios."
"676","1379|1380","false","","sourceCrs|sectionCode|installationYear|installationAngleDeg|outletCount|flowLps","sourceX|sourceY|elevationM","Revisar manualmente; existen valores contradictorios."
"706","1381|1382","false","","sourceCrs|sectionCode|installationYear|installationAngleDeg|flowLps","sourceX|sourceY|elevationM|outletCount","Revisar manualmente; existen valores contradictorios."
"1661","1889|1950|1957","false","","sourceCrs|sectionCode|installationYear|installationAngleDeg|flowLps","sourceX|sourceY|elevationM|outletCount","Revisar manualmente; existen valores contradictorios."
"1670","1890|1954","false","","sourceCrs|sectionCode|installationYear|installationAngleDeg|flowLps","sourceX|sourceY|elevationM|outletCount","Revisar manualmente; existen valores contradictorios."
"1764","1899|1956","false","","sourceCrs|sectionCode|installationYear|flowLps","sourceX|sourceY|installationAngleDeg|elevationM|outletCount","Revisar manualmente; existen valores contradictorios."