"generatedAt","algorithmVersion","sourceFileSha256","parametersJson","accountNumber","sourceX","sourceY","sourceCrsCandidate","swapXY","latitudePreview","longitudePreview","withinExpectedRegion","validationStatus","reason"
"2026-07-28T17:54:16.025Z","crs-preview-v2","2d1587d9223d21dafb0454afc8a7858fbd781c0846a4442548a6fe5788b104f2","{""sourceCrsCandidate"":""EPSG:32613"",""swapXY"":false,""limit"":100,""account"":null,""dryRun"":true}","1","774196.125584","2450556.74052","EPSG:32613","false","22.138512681102856","-102.34169515015529","true","PREVIEW_ONLY","Compatible region; not CRS evidence."
"2026-07-28T17:54:16.025Z","crs-preview-v2","2d1587d9223d21dafb0454afc8a7858fbd781c0846a4442548a6fe5788b104f2","{""sourceCrsCandidate"":""EPSG:32613"",""swapXY"":false,""limit"":100,""account"":null,""dryRun"":true}","10","775495.901348","2450413.31808","EPSG:32613","false","22.1370126328274","-102.32912881787372","true","PREVIEW_ONLY","Compatible region; not CRS evidence."
"2026-07-28T17:54:16.025Z","crs-preview-v2","2d1587d9223d21dafb0454afc8a7858fbd781c0846a4442548a6fe5788b104f2","{""sourceCrsCandidate"":""EPSG:32613"",""swapXY"":false,""limit"":100,""account"":null,""dryRun"":true}","1000","781981.809813","2455424.74023","EPSG:32613","false","22.181194999618466","-102.26542899914868","true","PREVIEW_ONLY","Compatible region; not CRS evidence."
"2026-07-28T17:54:16.025Z","crs-preview-v2","2d1587d9223d21dafb0454afc8a7858fbd781c0846a4442548a6fe5788b104f2","{""sourceCrsCandidate"":""EPSG:32613"",""swapXY"":false,""limit"":100,""account"":null,""dryRun"":true}","1001","781717.069589","2454904.1248","EPSG:32613","false","22.176539999693567","-102.26808499914928","true","PREVIEW_ONLY","Compatible region; not CRS evidence."
"2026-07-28T17:54:16.025Z","crs-preview-v2","2d1587d9223d21dafb0454afc8a7858fbd781c0846a4442548a6fe5788b104f2","{""sourceCrsCandidate"":""EPSG:32613"",""swapXY"":false,""limit"":100,""account"":null,""dryRun"":true}","1003","782428.33973","2455490.31208","EPSG:32613","false","22.181713999645204","-102.26109099913799","true","PREVIEW_ONLY","Compatible region; not CRS evidence."
"2026-07-28T17:54:16.025Z","crs-preview-v2","2d1587d9223d21dafb0454afc8a7858fbd781c0846a4442548a6fe5788b104f2","{""sourceCrsCandidate"":""EPSG:32613"",""swapXY"":false,""limit"":100,""account"":null,""dryRun"":true}","1004","782679.402686","2454721.68669","EPSG:32613","false","22.174736999640373","-102.25879299913505","true","PREVIEW_ONLY","Compatible region; not CRS evidence."
"2026-07-28T17:54:16.025Z","crs-preview-v2","2d1587d9223d21dafb0454afc8a7858fbd781c0846a4442548a6fe5788b104f2","{""sourceCrsCandidate"":""EPSG:32613"",""swapXY"":false,""limit"":100,""account"":null,""dryRun"":true}","1005","781099.405057","2458332.58692","EPSG:32613","false","22.207578999641985","-102.27347199915886","true","PREVIEW_ONLY","Compatible region; not CRS evidence."
"2026-07-28T17:54:16.025Z","crs-preview-v2","2d1587d9223d21dafb0454afc8a7858fbd781c0846a4442548a6fe5788b104f2","{""sourceCrsCandidate"":""EPSG:32613"",""swapXY"":false,""limit"":100,""account"":null,""dryRun"":true}","1006","781815.620019","2456336.52342","EPSG:32613","false","22.18944999965164","-102.26687999915264","true","PREVIEW_ONLY","Compatible region; not CRS evidence."
"2026-07-28T17:54:16.025Z","crs-preview-v2","2d1587d9223d21dafb0454afc8a7858fbd781c0846a4442548a6fe5788b104f2","{""sourceCrsCandidate"":""EPSG:32613"",""swapXY"":false,""limit"":100,""account"":null,""dryRun"":true}","1008","781707.633555","2456831.02878","EPSG:32613","false","22.19392999967705","-102.2678399991501","true","PREVIEW_ONLY","Compatible region; not CRS evidence."
"2026-07-28T17:54:16.025Z","crs-preview-v2","2d1587d9223d21dafb0454afc8a7858fbd781c0846a4442548a6fe5788b104f2","{""sourceCrsCandidate"":""EPSG:32613"",""swapXY"":false,""limit"":100,""account"":null,""dryRun"":true}","1009","781533.22141","2457186.59406","EPSG:32613","false","22.197166999684352","-102.26946799915666","true","PREVIEW_ONLY","Compatible region; not CRS evidence."
"2026-07-28T17:54:16.025Z","crs-preview-v2","2d1587d9223d21dafb0454afc8a7858fbd781c0846a4442548a6fe5788b104f2","{""sourceCrsCandidate"":""EPSG:32613"",""swapXY"":false,""limit"":100,""account"":null,""dryRun"":true}","1010","781758.460859","2457211.4874","EPSG:32613","false","22.197354999678563","-102.26728099914773","true","PREVIEW_ONLY","Compatible region; not CRS evidence."
"2026-07-28T17:54:16.025Z","crs-preview-v2","2d1587d9223d21dafb0454afc8a7858fbd781c0846a4442548a6fe5788b104f2","{""sourceCrsCandidate"":""EPSG:32613"",""swapXY"":false,""limit"":100,""account"":null,""dryRun"":true}","1011","781757.814352","2456886.78699","EPSG:32613","false","22.19442499962143","-102.26734399915068","true","PREVIEW_ONLY","Compatible region; not CRS evidence."
"2026-07-28T17:54:16.025Z","crs-preview-v2","2d1587d9223d21dafb0454afc8a7858fbd781c0846a4442548a6fe5788b104f2","{""sourceCrsCandidate"":""EPSG:32613"",""swapXY"":false,""limit"":100,""account"":null,""dryRun"":true}","1012","781977.517487","2457241.59163","EPSG:32613","false","22.197590999698022","-102.26515299914152","true","PREVIEW_ONLY","Compatible region; not CRS evidence."
"2026-07-28T17:54:16.025Z","crs-preview-v2","2d1587d9223d21dafb0454afc8a7858fbd781c0846a4442548a6fe5788b104f2","{""sourceCrsCandidate"":""EPSG:32613"",""swapXY"":false,""limit"":100,""account"":null,""dryRun"":true}","1013","782098.001032","2456884.16993","EPSG:32613","false","22.19434599969292","-102.26404799914634","true","PREVIEW_ONLY","Compatible region; not CRS evidence."
"2026-07-28T17:54:16.025Z","crs-preview-v2","2d1587d9223d21dafb0454afc8a7858fbd781c0846a4442548a6fe5788b104f2","{""sourceCrsCandidate"":""EPSG:32613"",""swapXY"":false,""limit"":100,""account"":null,""dryRun"":true}","1014","782072.2775","2457257.26483","EPSG:32613","false","22.197716999678207","-102.2642319991451","true","PREVIEW_ONLY","Compatible region; not CRS evidence."
"2026-07-28T17:54:16.025Z","crs-preview-v2","2d1587d9223d21dafb0454afc8a7858fbd781c0846a4442548a6fe5788b104f2","{""sourceCrsCandidate"":""EPSG:32613"",""swapXY"":false,""limit"":100,""account"":null,""dryRun"":true}","1015","782253.485374","2457131.76941","EPSG:32613","false","22.196554999695675","-102.26249799913566","true","PREVIEW_ONLY","Compatible region; not CRS evidence."
"2026-07-28T17:54:16.025Z","crs-preview-v2","2d1587d9223d21dafb0454afc8a7858fbd781c0846a4442548a6fe5788b104f2","{""sourceCrsCandidate"":""EPSG:32613"",""swapXY"":false,""limit"":100,""account"":null,""dryRun"":true}","1016","782313.632217","2457275.47593","EPSG:32613","false","22.197841999620007","-102.2618899991354","true","PREVIEW_ONLY","Compatible region; not CRS evidence."
"2026-07-28T17:54:16.025Z","crs-preview-v2","2d1587d9223d21dafb0454afc8a7858fbd781c0846a4442548a6fe5788b104f2","{""sourceCrsCandidate"":""EPSG:32613"",""swapXY"":false,""limit"":100,""account"":null,""dryRun"":true}","1017","782368.696723","2457192.14013","EPSG:32613","false","22.197080999655558","-102.26137099913794","true","PREVIEW_ONLY","Compatible region; not CRS evidence."
"2026-07-28T17:54:16.025Z","crs-preview-v2","2d1587d9223d21dafb0454afc8a7858fbd781c0846a4442548a6fe5788b104f2","{""sourceCrsCandidate"":""EPSG:32613"",""swapXY"":false,""limit"":100,""account"":null,""dryRun"":true}","1018","782217.024121","2457047.88823","EPSG:32613","false","22.195803999637008","-102.26286599914026","true","PREVIEW_ONLY","Compatible region; not CRS evidence."
"2026-07-28T17:54:16.025Z","crs-preview-v2","2d1587d9223d21dafb0454afc8a7858fbd781c0846a4442548a6fe5788b104f2","{""sourceCrsCandidate"":""EPSG:32613"",""swapXY"":false,""limit"":100,""account"":null,""dryRun"":true}","1019","782640.725805","2456878.12992","EPSG:32613","false","22.19420299963301","-102.25878999912895","true","PREVIEW_ONLY","Compatible region; not CRS evidence."
"2026-07-28T17:54:16.025Z","crs-preview-v2","2d1587d9223d21dafb0454afc8a7858fbd781c0846a4442548a6fe5788b104f2","{""sourceCrsCandidate"":""EPSG:32613"",""swapXY"":false,""limit"":100,""account"":null,""dryRun"":true}","1020","781836.829204","2456350.75773","EPSG:32613","false","22.18957499964522","-102.26667199915376","true","PREVIEW_ONLY","Compatible region; not CRS evidence."
"2026-07-28T17:54:16.025Z","crs-preview-v2","2d1587d9223d21dafb0454afc8a7858fbd781c0846a4442548a6fe5788b104f2","{""sourceCrsCandidate"":""EPSG:32613"",""swapXY"":false,""limit"":100,""account"":null,""dryRun"":true}","1021","782593.415745","2457143.12194","EPSG:32613","false","22.196601999665965","-102.25920199912986","true","PREVIEW_ONLY","Compatible region; not CRS evidence."
"2026-07-28T17:54:16.025Z","crs-preview-v2","2d1587d9223d21dafb0454afc8a7858fbd781c0846a4442548a6fe5788b104f2","{""sourceCrsCandidate"":""EPSG:32613"",""swapXY"":false,""limit"":100,""account"":null,""dryRun"":true}","1023","781761.789515","2456826.57517","EPSG:32613","false","22.193880999633503","-102.26731599914889","true","PREVIEW_ONLY","Compatible region; not CRS evidence."
"2026-07-28T17:54:16.025Z","crs-preview-v2","2d1587d9223d21dafb0454afc8a7858fbd781c0846a4442548a6fe5788b104f2","{""sourceCrsCandidate"":""EPSG:32613"",""swapXY"":false,""limit"":100,""account"":null,""dryRun"":true}","1024","781779.609632","2456725.38971","EPSG:32613","false","22.192964999674","-102.26716099914975","true","PREVIEW_ONLY","Compatible region; not CRS evidence."
"2026-07-28T17:54:16.025Z","crs-preview-v2","2d1587d9223d21dafb0454afc8a7858fbd781c0846a4442548a6fe5788b104f2","{""sourceCrsCandidate"":""EPSG:32613"",""swapXY"":false,""limit"":100,""account"":null,""dryRun"":true}","1025","782046.26224","2456726.09965","EPSG:32613","false","22.192927999653747","-102.26457699914269","true","PREVIEW_ONLY","Compatible region; not CRS evidence."
"2026-07-28T17:54:16.025Z","crs-preview-v2","2d1587d9223d21dafb0454afc8a7858fbd781c0846a4442548a6fe5788b104f2","{""sourceCrsCandidate"":""EPSG:32613"",""swapXY"":false,""limit"":100,""account"":null,""dryRun"":true}","1026","781962.208754","2456511.48493","EPSG:32613","false","22.191004999691994","-102.26542899914992","true","PREVIEW_ONLY","Compatible region; not CRS evidence."
"2026-07-28T17:54:16.025Z","crs-preview-v2","2d1587d9223d21dafb0454afc8a7858fbd781c0846a4442548a6fe5788b104f2","{""sourceCrsCandidate"":""EPSG:32613"",""swapXY"":false,""limit"":100,""account"":null,""dryRun"":true}","1027","781156.004785","2457475.45561","EPSG:32613","false","22.199834999682263","-102.27307299916536","true","PREVIEW_ONLY","Compatible region; not CRS evidence."
"2026-07-28T17:54:16.025Z","crs-preview-v2","2d1587d9223d21dafb0454afc8a7858fbd781c0846a4442548a6fe5788b104f2","{""sourceCrsCandidate"":""EPSG:32613"",""swapXY"":false,""limit"":100,""account"":null,""dryRun"":true}","1028","782018.992224","2456046.86311","EPSG:32613","false","22.186802999635795","-102.26495999914555","true","PREVIEW_ONLY","Compatible region; not CRS evidence."
"2026-07-28T17:54:16.025Z","crs-preview-v2","2d1587d9223d21dafb0454afc8a7858fbd781c0846a4442548a6fe5788b104f2","{""sourceCrsCandidate"":""EPSG:32613"",""swapXY"":false,""limit"":100,""account"":null,""dryRun"":true}","103","782377.219787","2450393.21678","EPSG:32613","false","22.135725999649043","-102.26247699913922","true","PREVIEW_ONLY","Compatible region; not CRS evidence."
"2026-07-28T17:54:16.025Z","crs-preview-v2","2d1587d9223d21dafb0454afc8a7858fbd781c0846a4442548a6fe5788b104f2","{""sourceCrsCandidate"":""EPSG:32613"",""swapXY"":false,""limit"":100,""account"":null,""dryRun"":true}","1030","782242.391103","2456848.98897","EPSG:32613","false","22.194004999628575","-102.26265499913968","true","PREVIEW_ONLY","Compatible region; not CRS evidence."
"2026-07-28T17:54:16.025Z","crs-preview-v2","2d1587d9223d21dafb0454afc8a7858fbd781c0846a4442548a6fe5788b104f2","{""sourceCrsCandidate"":""EPSG:32613"",""swapXY"":false,""limit"":100,""account"":null,""dryRun"":true}","1031","782402.437552","2457283.72976","EPSG:32613","false","22.19790199967353","-102.26102799913895","true","PREVIEW_ONLY","Compatible region; not CRS evidence."
"2026-07-28T17:54:16.025Z","crs-preview-v2","2d1587d9223d21dafb0454afc8a7858fbd781c0846a4442548a6fe5788b104f2","{""sourceCrsCandidate"":""EPSG:32613"",""swapXY"":false,""limit"":100,""account"":null,""dryRun"":true}","1032","783108.501264","2457243.98058","EPSG:32613","false","22.197427999665088","-102.25419299912213","true","PREVIEW_ONLY","Compatible region; not CRS evidence."
"2026-07-28T17:54:16.025Z","crs-preview-v2","2d1587d9223d21dafb0454afc8a7858fbd781c0846a4442548a6fe5788b104f2","{""sourceCrsCandidate"":""EPSG:32613"",""swapXY"":false,""limit"":100,""account"":null,""dryRun"":true}","1033","782816.08783","2456808.16392","EPSG:32613","false","22.193542999610138","-102.25710299912521","true","PREVIEW_ONLY","Compatible region; not CRS evidence."
"2026-07-28T17:54:16.025Z","crs-preview-v2","2d1587d9223d21dafb0454afc8a7858fbd781c0846a4442548a6fe5788b104f2","{""sourceCrsCandidate"":""EPSG:32613"",""swapXY"":false,""limit"":100,""account"":null,""dryRun"":true}","1034","782665.411515","2456546.01749","EPSG:32613","false","22.19120199967999","-102.25860899913202","true","PREVIEW_ONLY","Compatible region; not CRS evidence."
"2026-07-28T17:54:16.025Z","crs-preview-v2","2d1587d9223d21dafb0454afc8a7858fbd781c0846a4442548a6fe5788b104f2","{""sourceCrsCandidate"":""EPSG:32613"",""swapXY"":false,""limit"":100,""account"":null,""dryRun"":true}","1037","782626.762511","2455983.81417","EPSG:32613","false","22.18613499969122","-102.25908199913086","true","PREVIEW_ONLY","Compatible region; not CRS evidence."
"2026-07-28T17:54:16.025Z","crs-preview-v2","2d1587d9223d21dafb0454afc8a7858fbd781c0846a4442548a6fe5788b104f2","{""sourceCrsCandidate"":""EPSG:32613"",""swapXY"":false,""limit"":100,""account"":null,""dryRun"":true}","1038","783095.397547","2454351.5756","EPSG:32613","false","22.171329243859667","-102.25482743278116","true","PREVIEW_ONLY","Compatible region; not CRS evidence."
"2026-07-28T17:54:16.025Z","crs-preview-v2","2d1587d9223d21dafb0454afc8a7858fbd781c0846a4442548a6fe5788b104f2","{""sourceCrsCandidate"":""EPSG:32613"",""swapXY"":false,""limit"":100,""account"":null,""dryRun"":true}","1039","782322.812669","2454221.92951","EPSG:32613","false","22.170285298622602","-102.26233529414633","true","PREVIEW_ONLY","Compatible region; not CRS evidence."
"2026-07-28T17:54:16.025Z","crs-preview-v2","2d1587d9223d21dafb0454afc8a7858fbd781c0846a4442548a6fe5788b104f2","{""sourceCrsCandidate"":""EPSG:32613"",""swapXY"":false,""limit"":100,""account"":null,""dryRun"":true}","104","777381.29163","2450650.83867","EPSG:32613","false","22.13885599962192","-102.31082499924544","true","PREVIEW_ONLY","Compatible region; not CRS evidence."
"2026-07-28T17:54:16.025Z","crs-preview-v2","2d1587d9223d21dafb0454afc8a7858fbd781c0846a4442548a6fe5788b104f2","{""sourceCrsCandidate"":""EPSG:32613"",""swapXY"":false,""limit"":100,""account"":null,""dryRun"":true}","1040","782313.954569","2453667.65984","EPSG:32613","false","22.165284999645348","-102.2625179991371","true","PREVIEW_ONLY","Compatible region; not CRS evidence."
"2026-07-28T17:54:16.025Z","crs-preview-v2","2d1587d9223d21dafb0454afc8a7858fbd781c0846a4442548a6fe5788b104f2","{""sourceCrsCandidate"":""EPSG:32613"",""swapXY"":false,""limit"":100,""account"":null,""dryRun"":true}","1041","782340.601773","2453763.99583","EPSG:32613","false","22.166149999638332","-102.26224299914101","true","PREVIEW_ONLY","Compatible region; not CRS evidence."
"2026-07-28T17:54:16.025Z","crs-preview-v2","2d1587d9223d21dafb0454afc8a7858fbd781c0846a4442548a6fe5788b104f2","{""sourceCrsCandidate"":""EPSG:32613"",""swapXY"":false,""limit"":100,""account"":null,""dryRun"":true}","1042","782172.105701","2453869.71547","EPSG:32613","false","22.16713144228445","-102.26385695176077","true","PREVIEW_ONLY","Compatible region; not CRS evidence."
"2026-07-28T17:54:16.025Z","crs-preview-v2","2d1587d9223d21dafb0454afc8a7858fbd781c0846a4442548a6fe5788b104f2","{""sourceCrsCandidate"":""EPSG:32613"",""swapXY"":false,""limit"":100,""account"":null,""dryRun"":true}","1043","782458.928151","2453138.4727","EPSG:32613","false","22.160485999637846","-102.26120599913955","true","PREVIEW_ONLY","Compatible region; not CRS evidence."
"2026-07-28T17:54:16.025Z","crs-preview-v2","2d1587d9223d21dafb0454afc8a7858fbd781c0846a4442548a6fe5788b104f2","{""sourceCrsCandidate"":""EPSG:32613"",""swapXY"":false,""limit"":100,""account"":null,""dryRun"":true}","1044","782086.124757","2453338.03259","EPSG:32613","false","22.162347502672485","-102.26478280236768","true","PREVIEW_ONLY","Compatible region; not CRS evidence."
"2026-07-28T17:54:16.025Z","crs-preview-v2","2d1587d9223d21dafb0454afc8a7858fbd781c0846a4442548a6fe5788b104f2","{""sourceCrsCandidate"":""EPSG:32613"",""swapXY"":false,""limit"":100,""account"":null,""dryRun"":true}","1046","781950.674032","2452725.05707","EPSG:32613","false","22.156837999631176","-102.26620199914757","true","PREVIEW_ONLY","Compatible region; not CRS evidence."
"2026-07-28T17:54:16.025Z","crs-preview-v2","2d1587d9223d21dafb0454afc8a7858fbd781c0846a4442548a6fe5788b104f2","{""sourceCrsCandidate"":""EPSG:32613"",""swapXY"":false,""limit"":100,""account"":null,""dryRun"":true}","1048","781075.154776","2458453.04944","EPSG:32613","false","22.208669999697403","-102.27368599916265","true","PREVIEW_ONLY","Compatible region; not CRS evidence."
"2026-07-28T17:54:16.025Z","crs-preview-v2","2d1587d9223d21dafb0454afc8a7858fbd781c0846a4442548a6fe5788b104f2","{""sourceCrsCandidate"":""EPSG:32613"",""swapXY"":false,""limit"":100,""account"":null,""dryRun"":true}","1049","781054.503466","2453200.84747","EPSG:32613","false","22.161276999693058","-102.27480099916345","true","PREVIEW_ONLY","Compatible region; not CRS evidence."
"2026-07-28T17:54:16.025Z","crs-preview-v2","2d1587d9223d21dafb0454afc8a7858fbd781c0846a4442548a6fe5788b104f2","{""sourceCrsCandidate"":""EPSG:32613"",""swapXY"":false,""limit"":100,""account"":null,""dryRun"":true}","1050","782127.179912","2450650.79055","EPSG:32613","false","22.13809099961528","-102.26485399914849","true","PREVIEW_ONLY","Compatible region; not CRS evidence."
"2026-07-28T17:54:16.025Z","crs-preview-v2","2d1587d9223d21dafb0454afc8a7858fbd781c0846a4442548a6fe5788b104f2","{""sourceCrsCandidate"":""EPSG:32613"",""swapXY"":false,""limit"":100,""account"":null,""dryRun"":true}","1051","782010.224018","2452100.9122","EPSG:32613","false","22.151195999673956","-102.26573399914587","true","PREVIEW_ONLY","Compatible region; not CRS evidence."
"2026-07-28T17:54:16.025Z","crs-preview-v2","2d1587d9223d21dafb0454afc8a7858fbd781c0846a4442548a6fe5788b104f2","{""sourceCrsCandidate"":""EPSG:32613"",""swapXY"":false,""limit"":100,""account"":null,""dryRun"":true}","1052","781432.277129","2457227.77176","EPSG:32613","false","22.197554999695026","-102.27043899915843","true","PREVIEW_ONLY","Compatible region; not CRS evidence."
"2026-07-28T17:54:16.025Z","crs-preview-v2","2d1587d9223d21dafb0454afc8a7858fbd781c0846a4442548a6fe5788b104f2","{""sourceCrsCandidate"":""EPSG:32613"",""swapXY"":false,""limit"":100,""account"":null,""dryRun"":true}","1053","777555.834611","2455013.01029","EPSG:32613","false","22.178193999669183","-102.3083849992387","true","PREVIEW_ONLY","Compatible region; not CRS evidence."
"2026-07-28T17:54:16.025Z","crs-preview-v2","2d1587d9223d21dafb0454afc8a7858fbd781c0846a4442548a6fe5788b104f2","{""sourceCrsCandidate"":""EPSG:32613"",""swapXY"":false,""limit"":100,""account"":null,""dryRun"":true}","1054","782121.467909","2450205.32352","EPSG:32613","false","22.134071999626293","-102.26498699914468","true","PREVIEW_ONLY","Compatible region; not CRS evidence."
"2026-07-28T17:54:16.025Z","crs-preview-v2","2d1587d9223d21dafb0454afc8a7858fbd781c0846a4442548a6fe5788b104f2","{""sourceCrsCandidate"":""EPSG:32613"",""swapXY"":false,""limit"":100,""account"":null,""dryRun"":true}","1056","782301.041757","2452929.95149","EPSG:32613","false","22.15862999965158","-102.2627719991369","true","PREVIEW_ONLY","Compatible region; not CRS evidence."
"2026-07-28T17:54:16.025Z","crs-preview-v2","2d1587d9223d21dafb0454afc8a7858fbd781c0846a4442548a6fe5788b104f2","{""sourceCrsCandidate"":""EPSG:32613"",""swapXY"":false,""limit"":100,""account"":null,""dryRun"":true}","1062","782369.713096","2450317.06252","EPSG:32613","false","22.1350399996752","-102.26256299914286","true","PREVIEW_ONLY","Compatible region; not CRS evidence."
"2026-07-28T17:54:16.025Z","crs-preview-v2","2d1587d9223d21dafb0454afc8a7858fbd781c0846a4442548a6fe5788b104f2","{""sourceCrsCandidate"":""EPSG:32613"",""swapXY"":false,""limit"":100,""account"":null,""dryRun"":true}","1065","781883.087929","2452431.17828","EPSG:32613","false","22.154196999625878","-102.26690799915096","true","PREVIEW_ONLY","Compatible region; not CRS evidence."
"2026-07-28T17:54:16.025Z","crs-preview-v2","2d1587d9223d21dafb0454afc8a7858fbd781c0846a4442548a6fe5788b104f2","{""sourceCrsCandidate"":""EPSG:32613"",""swapXY"":false,""limit"":100,""account"":null,""dryRun"":true}","107","782240.695084","2450298.00563","EPSG:32613","false","22.134888999602502","-102.26381599914805","true","PREVIEW_ONLY","Compatible region; not CRS evidence."
"2026-07-28T17:54:16.025Z","crs-preview-v2","2d1587d9223d21dafb0454afc8a7858fbd781c0846a4442548a6fe5788b104f2","{""sourceCrsCandidate"":""EPSG:32613"",""swapXY"":false,""limit"":100,""account"":null,""dryRun"":true}","1072","778503.281249","2459122.92973","EPSG:32613","false","22.21513099964079","-102.29849499921332","true","PREVIEW_ONLY","Compatible region; not CRS evidence."
"2026-07-28T17:54:16.025Z","crs-preview-v2","2d1587d9223d21dafb0454afc8a7858fbd781c0846a4442548a6fe5788b104f2","{""sourceCrsCandidate"":""EPSG:32613"",""swapXY"":false,""limit"":100,""account"":null,""dryRun"":true}","1073","778376.294288","2459485.903","EPSG:32613","false","22.21842699962022","-102.29966299922198","true","PREVIEW_ONLY","Compatible region; not CRS evidence."
"2026-07-28T17:54:16.025Z","crs-preview-v2","2d1587d9223d21dafb0454afc8a7858fbd781c0846a4442548a6fe5788b104f2","{""sourceCrsCandidate"":""EPSG:32613"",""swapXY"":false,""limit"":100,""account"":null,""dryRun"":true}","1076","778499.382075","2458982.9038","EPSG:32613","false","22.21386799964496","-102.298556999217","true","PREVIEW_ONLY","Compatible region; not CRS evidence."
"2026-07-28T17:54:16.025Z","crs-preview-v2","2d1587d9223d21dafb0454afc8a7858fbd781c0846a4442548a6fe5788b104f2","{""sourceCrsCandidate"":""EPSG:32613"",""swapXY"":false,""limit"":100,""account"":null,""dryRun"":true}","1077","778720.30842","2458831.70849","EPSG:32613","false","22.212467999699207","-102.29644199921186","true","PREVIEW_ONLY","Compatible region; not CRS evidence."
"2026-07-28T17:54:16.025Z","crs-preview-v2","2d1587d9223d21dafb0454afc8a7858fbd781c0846a4442548a6fe5788b104f2","{""sourceCrsCandidate"":""EPSG:32613"",""swapXY"":false,""limit"":100,""account"":null,""dryRun"":true}","1078","778508.23747","2459111.1612","EPSG:32613","false","22.215023999675978","-102.29844899921348","true","PREVIEW_ONLY","Compatible region; not CRS evidence."
"2026-07-28T17:54:16.025Z","crs-preview-v2","2d1587d9223d21dafb0454afc8a7858fbd781c0846a4442548a6fe5788b104f2","{""sourceCrsCandidate"":""EPSG:32613"",""swapXY"":false,""limit"":100,""account"":null,""dryRun"":true}","1079","778799.229035","2459115.57963","EPSG:32613","false","22.21501699961474","-102.29562799920609","true","PREVIEW_ONLY","Compatible region; not CRS evidence."
"2026-07-28T17:54:16.025Z","crs-preview-v2","2d1587d9223d21dafb0454afc8a7858fbd781c0846a4442548a6fe5788b104f2","{""sourceCrsCandidate"":""EPSG:32613"",""swapXY"":false,""limit"":100,""account"":null,""dryRun"":true}","1082","779010.76525","2458548.78243","EPSG:32613","false","22.20986799967832","-102.29367599920585","true","PREVIEW_ONLY","Compatible region; not CRS evidence."
"2026-07-28T17:54:16.025Z","crs-preview-v2","2d1587d9223d21dafb0454afc8a7858fbd781c0846a4442548a6fe5788b104f2","{""sourceCrsCandidate"":""EPSG:32613"",""swapXY"":false,""limit"":100,""account"":null,""dryRun"":true}","1083","779079.110686","2458379.24083","EPSG:32613","false","22.20832699969298","-102.29304299920084","true","PREVIEW_ONLY","Compatible region; not CRS evidence."
"2026-07-28T17:54:16.025Z","crs-preview-v2","2d1587d9223d21dafb0454afc8a7858fbd781c0846a4442548a6fe5788b104f2","{""sourceCrsCandidate"":""EPSG:32613"",""swapXY"":false,""limit"":100,""account"":null,""dryRun"":true}","11","774167.77","2450372.431","EPSG:32613","false","22.13685382984933","-102.34200106288624","true","PREVIEW_ONLY","Compatible region; not CRS evidence."
"2026-07-28T17:54:16.025Z","crs-preview-v2","2d1587d9223d21dafb0454afc8a7858fbd781c0846a4442548a6fe5788b104f2","{""sourceCrsCandidate"":""EPSG:32613"",""swapXY"":false,""limit"":100,""account"":null,""dryRun"":true}","1130","780035.392076","2464425.65713","EPSG:32613","false","22.26273599965102","-102.28272299918015","true","PREVIEW_ONLY","Compatible region; not CRS evidence."
"2026-07-28T17:54:16.025Z","crs-preview-v2","2d1587d9223d21dafb0454afc8a7858fbd781c0846a4442548a6fe5788b104f2","{""sourceCrsCandidate"":""EPSG:32613"",""swapXY"":false,""limit"":100,""account"":null,""dryRun"":true}","1131","778817.743647","2459609.8037","EPSG:32613","false","22.219473999635515","-102.29536299921348","true","PREVIEW_ONLY","Compatible region; not CRS evidence."
"2026-07-28T17:54:16.025Z","crs-preview-v2","2d1587d9223d21dafb0454afc8a7858fbd781c0846a4442548a6fe5788b104f2","{""sourceCrsCandidate"":""EPSG:32613"",""swapXY"":false,""limit"":100,""account"":null,""dryRun"":true}","1133","779196.875971","2459341.0993","EPSG:32613","false","22.216987999653906","-102.29173499920542","true","PREVIEW_ONLY","Compatible region; not CRS evidence."
"2026-07-28T17:54:16.025Z","crs-preview-v2","2d1587d9223d21dafb0454afc8a7858fbd781c0846a4442548a6fe5788b104f2","{""sourceCrsCandidate"":""EPSG:32613"",""swapXY"":false,""limit"":100,""account"":null,""dryRun"":true}","1136","779203.533459","2459718.75941","EPSG:32613","false","22.22039499964183","-102.29160499920306","true","PREVIEW_ONLY","Compatible region; not CRS evidence."
"2026-07-28T17:54:16.025Z","crs-preview-v2","2d1587d9223d21dafb0454afc8a7858fbd781c0846a4442548a6fe5788b104f2","{""sourceCrsCandidate"":""EPSG:32613"",""swapXY"":false,""limit"":100,""account"":null,""dryRun"":true}","1137","779209.251752","2459704.78841","EPSG:32613","false","22.220267999617025","-102.29155199919741","true","PREVIEW_ONLY","Compatible region; not CRS evidence."
"2026-07-28T17:54:16.025Z","crs-preview-v2","2d1587d9223d21dafb0454afc8a7858fbd781c0846a4442548a6fe5788b104f2","{""sourceCrsCandidate"":""EPSG:32613"",""swapXY"":false,""limit"":100,""account"":null,""dryRun"":true}","1138","779338.325457","2459952.66079","EPSG:32613","false","22.22248399964801","-102.29025799920177","true","PREVIEW_ONLY","Compatible region; not CRS evidence."
"2026-07-28T17:54:16.025Z","crs-preview-v2","2d1587d9223d21dafb0454afc8a7858fbd781c0846a4442548a6fe5788b104f2","{""sourceCrsCandidate"":""EPSG:32613"",""swapXY"":false,""limit"":100,""account"":null,""dryRun"":true}","1139","779344.547685","2459950.88834","EPSG:32613","false","22.222466999637394","-102.29019799920317","true","PREVIEW_ONLY","Compatible region; not CRS evidence."
"2026-07-28T17:54:16.025Z","crs-preview-v2","2d1587d9223d21dafb0454afc8a7858fbd781c0846a4442548a6fe5788b104f2","{""sourceCrsCandidate"":""EPSG:32613"",""swapXY"":false,""limit"":100,""account"":null,""dryRun"":true}","1140","779669.524837","2460055.88741","EPSG:32613","false","22.223361999677646","-102.28702999919523","true","PREVIEW_ONLY","Compatible region; not CRS evidence."
"2026-07-28T17:54:16.025Z","crs-preview-v2","2d1587d9223d21dafb0454afc8a7858fbd781c0846a4442548a6fe5788b104f2","{""sourceCrsCandidate"":""EPSG:32613"",""swapXY"":false,""limit"":100,""account"":null,""dryRun"":true}","1141","779257.413896","2459711.74485","EPSG:32613","false","22.220322999664184","-102.29108399919616","true","PREVIEW_ONLY","Compatible region; not CRS evidence."
"2026-07-28T17:54:16.025Z","crs-preview-v2","2d1587d9223d21dafb0454afc8a7858fbd781c0846a4442548a6fe5788b104f2","{""sourceCrsCandidate"":""EPSG:32613"",""swapXY"":false,""limit"":100,""account"":null,""dryRun"":true}","1142","779602.044568","2459140.35432","EPSG:32613","false","22.215110999639883","-102.28784299919327","true","PREVIEW_ONLY","Compatible region; not CRS evidence."
"2026-07-28T17:54:16.025Z","crs-preview-v2","2d1587d9223d21dafb0454afc8a7858fbd781c0846a4442548a6fe5788b104f2","{""sourceCrsCandidate"":""EPSG:32613"",""swapXY"":false,""limit"":100,""account"":null,""dryRun"":true}","1143","779634.73856","2459751.63427","EPSG:32613","false","22.22062199970305","-102.28741999918853","true","PREVIEW_ONLY","Compatible region; not CRS evidence."
"2026-07-28T17:54:16.025Z","crs-preview-v2","2d1587d9223d21dafb0454afc8a7858fbd781c0846a4442548a6fe5788b104f2","{""sourceCrsCandidate"":""EPSG:32613"",""swapXY"":false,""limit"":100,""account"":null,""dryRun"":true}","1144","779813.402765","2459765.25304","EPSG:32613","false","22.220715999665913","-102.28568599918373","true","PREVIEW_ONLY","Compatible region; not CRS evidence."
"2026-07-28T17:54:16.025Z","crs-preview-v2","2d1587d9223d21dafb0454afc8a7858fbd781c0846a4442548a6fe5788b104f2","{""sourceCrsCandidate"":""EPSG:32613"",""swapXY"":false,""limit"":100,""account"":null,""dryRun"":true}","1145","779466.222351","2458975.24803","EPSG:32613","false","22.21364299966627","-102.28918799919721","true","PREVIEW_ONLY","Compatible region; not CRS evidence."
"2026-07-28T17:54:16.025Z","crs-preview-v2","2d1587d9223d21dafb0454afc8a7858fbd781c0846a4442548a6fe5788b104f2","{""sourceCrsCandidate"":""EPSG:32613"",""swapXY"":false,""limit"":100,""account"":null,""dryRun"":true}","1146","779607.104748","2459140.11251","EPSG:32613","false","22.215107999631417","-102.28779399919756","true","PREVIEW_ONLY","Compatible region; not CRS evidence."
"2026-07-28T17:54:16.025Z","crs-preview-v2","2d1587d9223d21dafb0454afc8a7858fbd781c0846a4442548a6fe5788b104f2","{""sourceCrsCandidate"":""EPSG:32613"",""swapXY"":false,""limit"":100,""account"":null,""dryRun"":true}","1147","780243.462336","2463478.27576","EPSG:32613","false","22.254152999634","-102.28087099917941","true","PREVIEW_ONLY","Compatible region; not CRS evidence."
"2026-07-28T17:54:16.025Z","crs-preview-v2","2d1587d9223d21dafb0454afc8a7858fbd781c0846a4442548a6fe5788b104f2","{""sourceCrsCandidate"":""EPSG:32613"",""swapXY"":false,""limit"":100,""account"":null,""dryRun"":true}","1148","779175.05753","2460376.14905","EPSG:32613","false","22.226331999623564","-102.2917669992019","true","PREVIEW_ONLY","Compatible region; not CRS evidence."
"2026-07-28T17:54:16.025Z","crs-preview-v2","2d1587d9223d21dafb0454afc8a7858fbd781c0846a4442548a6fe5788b104f2","{""sourceCrsCandidate"":""EPSG:32613"",""swapXY"":false,""limit"":100,""account"":null,""dryRun"":true}","1149","779208.741617","2460523.24721","EPSG:32613","false","22.227653999642634","-102.29141499920264","true","PREVIEW_ONLY","Compatible region; not CRS evidence."
"2026-07-28T17:54:16.025Z","crs-preview-v2","2d1587d9223d21dafb0454afc8a7858fbd781c0846a4442548a6fe5788b104f2","{""sourceCrsCandidate"":""EPSG:32613"",""swapXY"":false,""limit"":100,""account"":null,""dryRun"":true}","1150","779595.548877","2460568.2945","EPSG:32613","false","22.227997999646195","-102.28765799918921","true","PREVIEW_ONLY","Compatible region; not CRS evidence."
"2026-07-28T17:54:16.025Z","crs-preview-v2","2d1587d9223d21dafb0454afc8a7858fbd781c0846a4442548a6fe5788b104f2","{""sourceCrsCandidate"":""EPSG:32613"",""swapXY"":false,""limit"":100,""account"":null,""dryRun"":true}","1151","779759.883811","2460770.5949","EPSG:32613","false","22.229796999680552","-102.2860299991887","true","PREVIEW_ONLY","Compatible region; not CRS evidence."
"2026-07-28T17:54:16.025Z","crs-preview-v2","2d1587d9223d21dafb0454afc8a7858fbd781c0846a4442548a6fe5788b104f2","{""sourceCrsCandidate"":""EPSG:32613"",""swapXY"":false,""limit"":100,""account"":null,""dryRun"":true}","1152","780050.925714","2460787.89588","EPSG:32613","false","22.229905999670738","-102.28320599918636","true","PREVIEW_ONLY","Compatible region; not CRS evidence."
"2026-07-28T17:54:16.025Z","crs-preview-v2","2d1587d9223d21dafb0454afc8a7858fbd781c0846a4442548a6fe5788b104f2","{""sourceCrsCandidate"":""EPSG:32613"",""swapXY"":false,""limit"":100,""account"":null,""dryRun"":true}","1153","780055.94415","2464269.33462","EPSG:32613","false","22.261321999682867","-102.28255099918084","true","PREVIEW_ONLY","Compatible region; not CRS evidence."
"2026-07-28T17:54:16.025Z","crs-preview-v2","2d1587d9223d21dafb0454afc8a7858fbd781c0846a4442548a6fe5788b104f2","{""sourceCrsCandidate"":""EPSG:32613"",""swapXY"":false,""limit"":100,""account"":null,""dryRun"":true}","1155","780307.082587","2460788.72899","EPSG:32613","false","22.229871999703853","-102.28072299917417","true","PREVIEW_ONLY","Compatible region; not CRS evidence."
"2026-07-28T17:54:16.025Z","crs-preview-v2","2d1587d9223d21dafb0454afc8a7858fbd781c0846a4442548a6fe5788b104f2","{""sourceCrsCandidate"":""EPSG:32613"",""swapXY"":false,""limit"":100,""account"":null,""dryRun"":true}","1156","778618.069412","2457604.7392","EPSG:32613","false","22.201411999627343","-102.29764499921174","true","PREVIEW_ONLY","Compatible region; not CRS evidence."
"2026-07-28T17:54:16.025Z","crs-preview-v2","2d1587d9223d21dafb0454afc8a7858fbd781c0846a4442548a6fe5788b104f2","{""sourceCrsCandidate"":""EPSG:32613"",""swapXY"":false,""limit"":100,""account"":null,""dryRun"":true}","1157","779814.985376","2459935.93486","EPSG:32613","false","22.222255999691537","-102.28564099919198","true","PREVIEW_ONLY","Compatible region; not CRS evidence."
"2026-07-28T17:54:16.025Z","crs-preview-v2","2d1587d9223d21dafb0454afc8a7858fbd781c0846a4442548a6fe5788b104f2","{""sourceCrsCandidate"":""EPSG:32613"",""swapXY"":false,""limit"":100,""account"":null,""dryRun"":true}","1161","780011.190376","2458919.8542","EPSG:32613","false","22.21305499968624","-102.28391599917995","true","PREVIEW_ONLY","Compatible region; not CRS evidence."
"2026-07-28T17:54:16.025Z","crs-preview-v2","2d1587d9223d21dafb0454afc8a7858fbd781c0846a4442548a6fe5788b104f2","{""sourceCrsCandidate"":""EPSG:32613"",""swapXY"":false,""limit"":100,""account"":null,""dryRun"":true}","1164","779900.338968","2458904.45799","EPSG:32613","false","22.212933999666166","-102.2849929991858","true","PREVIEW_ONLY","Compatible region; not CRS evidence."
"2026-07-28T17:54:16.025Z","crs-preview-v2","2d1587d9223d21dafb0454afc8a7858fbd781c0846a4442548a6fe5788b104f2","{""sourceCrsCandidate"":""EPSG:32613"",""swapXY"":false,""limit"":100,""account"":null,""dryRun"":true}","1165","780325.094607","2458947.31765","EPSG:32613","false","22.213251999698418","-102.28086899917601","true","PREVIEW_ONLY","Compatible region; not CRS evidence."
"2026-07-28T17:54:16.025Z","crs-preview-v2","2d1587d9223d21dafb0454afc8a7858fbd781c0846a4442548a6fe5788b104f2","{""sourceCrsCandidate"":""EPSG:32613"",""swapXY"":false,""limit"":100,""account"":null,""dryRun"":true}","1166","780346.78389","2458492.14975","EPSG:32613","false","22.209140999615116","-102.28073799917672","true","PREVIEW_ONLY","Compatible region; not CRS evidence."
"2026-07-28T17:54:16.025Z","crs-preview-v2","2d1587d9223d21dafb0454afc8a7858fbd781c0846a4442548a6fe5788b104f2","{""sourceCrsCandidate"":""EPSG:32613"",""swapXY"":false,""limit"":100,""account"":null,""dryRun"":true}","1167","780190.276873","2458467.73202","EPSG:32613","false","22.2089459996663","-102.28225899917919","true","PREVIEW_ONLY","Compatible region; not CRS evidence."
"2026-07-28T17:54:16.025Z","crs-preview-v2","2d1587d9223d21dafb0454afc8a7858fbd781c0846a4442548a6fe5788b104f2","{""sourceCrsCandidate"":""EPSG:32613"",""swapXY"":false,""limit"":100,""account"":null,""dryRun"":true}","1168","779274.917229","2460768.66474","EPSG:32613","false","22.229857999643478","-102.29073099919727","true","PREVIEW_ONLY","Compatible region; not CRS evidence."
"2026-07-28T17:54:16.025Z","crs-preview-v2","2d1587d9223d21dafb0454afc8a7858fbd781c0846a4442548a6fe5788b104f2","{""sourceCrsCandidate"":""EPSG:32613"",""swapXY"":false,""limit"":100,""account"":null,""dryRun"":true}","1169","779401.163424","2461300.39337","EPSG:32613","false","22.234635999696287","-102.28941499919755","true","PREVIEW_ONLY","Compatible region; not CRS evidence."
"2026-07-28T17:54:16.025Z","crs-preview-v2","2d1587d9223d21dafb0454afc8a7858fbd781c0846a4442548a6fe5788b104f2","{""sourceCrsCandidate"":""EPSG:32613"",""swapXY"":false,""limit"":100,""account"":null,""dryRun"":true}","117","782243.207333","2450061.01811","EPSG:32613","false","22.132749999605085","-102.26383299915067","true","PREVIEW_ONLY","Compatible region; not CRS evidence."
"2026-07-28T17:54:16.025Z","crs-preview-v2","2d1587d9223d21dafb0454afc8a7858fbd781c0846a4442548a6fe5788b104f2","{""sourceCrsCandidate"":""EPSG:32613"",""swapXY"":false,""limit"":100,""account"":null,""dryRun"":true}","1171","779481.313622","2461421.84086","EPSG:32613","false","22.235718999649613","-102.28861699919764","true","PREVIEW_ONLY","Compatible region; not CRS evidence."
"2026-07-28T17:54:16.025Z","crs-preview-v2","2d1587d9223d21dafb0454afc8a7858fbd781c0846a4442548a6fe5788b104f2","{""sourceCrsCandidate"":""EPSG:32613"",""swapXY"":false,""limit"":100,""account"":null,""dryRun"":true}","1172","779501.01898","2460874.88454","EPSG:32613","false","22.2307799996362","-102.28852099919186","true","PREVIEW_ONLY","Compatible region; not CRS evidence."
"2026-07-28T17:54:16.025Z","crs-preview-v2","2d1587d9223d21dafb0454afc8a7858fbd781c0846a4442548a6fe5788b104f2","{""sourceCrsCandidate"":""EPSG:32613"",""swapXY"":false,""limit"":100,""account"":null,""dryRun"":true}","1173","779717.076176","2461368.44451","EPSG:32613","false","22.235198999693623","-102.28634099918729","true","PREVIEW_ONLY","Compatible region; not CRS evidence."
"2026-07-28T17:54:16.025Z","crs-preview-v2","2d1587d9223d21dafb0454afc8a7858fbd781c0846a4442548a6fe5788b104f2","{""sourceCrsCandidate"":""EPSG:32613"",""swapXY"":false,""limit"":100,""account"":null,""dryRun"":true}","1174","779688.75986","2461181.32586","EPSG:32613","false","22.233514999646463","-102.2866479991862","true","PREVIEW_ONLY","Compatible region; not CRS evidence."